dataset,seed,teacher_n_estimators,teacher_max_depth,teacher_learning_rate,lambda_fair,batch_size,epochs,lr,minority_fraction,penalty,label,AUC,SHAP_R2,DP_gap,mean_score_gap,EO_gap,TPR_g1,TPR_g0,EOdds_gap,dTPR,dFPR,grad_norm_mean,grad_norm_max,diverged,masked_batch_frac,n_train,p99_latency_ms,mean_latency_ms,train_seconds,teacher_AUC,sid
german,42,100,4,0.1,1.5,256,450,0.001,,dp,OFAT:teacher_n_estimators=100,0.7892857142857144,0.4837920069694519,0.2422680412371134,0.0291033685207366,0.5423728813559322,0.0,0.5423728813559322,0.5423728813559322,0.5423728813559322,0.1111111111111111,2.1577340448710545,28.192647475840456,False,0.2555555555555555,800,0.242098089925093,0.1195102649990076,3.317123889923096,0.8088095238095239,0
german,43,100,4,0.1,1.5,256,450,0.001,,dp,OFAT:teacher_n_estimators=100,0.7861904761904762,0.4698160588741302,0.070446735395189,0.1339319348335266,0.4745762711864406,1.0,0.5254237288135594,0.4745762711864406,0.4745762711864406,0.1111111111111111,2.1193533616984013,22.21972611832579,False,0.2611111111111111,800,0.2258163399346809,0.1166622800155892,3.314985513687134,0.8088095238095239,1
german,44,100,4,0.1,1.5,256,450,0.001,,dp,OFAT:teacher_n_estimators=100,0.7641666666666667,0.4696775376796722,0.1013745704467354,0.1387238204479217,0.4915254237288136,1.0,0.5084745762711864,0.4915254237288136,0.4915254237288136,0.1629629629629629,2.188565074239362,26.33014096541365,False,0.2555555555555555,800,0.1577650001945585,0.1117639049789431,3.8238353729248047,0.8088095238095239,2
german,45,100,4,0.1,1.5,256,450,0.001,,dp,OFAT:teacher_n_estimators=100,0.7908333333333333,0.4909324645996094,0.1323024054982818,0.0393630266189575,0.3898305084745762,1.0,0.6101694915254238,0.3898305084745762,0.3898305084745762,0.1629629629629629,2.05574796777307,27.19233591744588,False,0.2527777777777777,800,0.1711986601458191,0.1140930899941849,3.177900075912476,0.8088095238095239,3
german,46,100,4,0.1,1.5,256,450,0.001,,dp,OFAT:teacher_n_estimators=100,0.8028571428571428,0.4719675481319427,0.1013745704467354,0.1081157922744751,0.423728813559322,1.0,0.576271186440678,0.423728813559322,0.423728813559322,0.1333333333333333,2.143969488124013,27.41898991004716,False,0.2572222222222222,800,0.1809008402960898,0.1131656150096205,3.177079200744629,0.8088095238095239,4
german,42,50,4,0.1,1.5,256,450,0.001,,dp,OFAT:teacher_n_estimators=50,0.7854761904761905,0.3807007372379303,0.1168384879725085,0.1077791154384613,0.4067796610169492,1.0,0.5932203389830508,0.4067796610169492,0.4067796610169492,0.1481481481481481,2.1158712446155983,24.6926003876058,False,0.2555555555555555,800,0.1831854996862602,0.1196558150036253,3.0649759769439697,0.8098809523809525,5
german,43,50,4,0.1,1.5,256,450,0.001,,dp,OFAT:teacher_n_estimators=50,0.7747619047619049,0.4205212593078613,0.1374570446735395,0.1142669916152954,0.4406779661016949,1.0,0.559322033898305,0.4406779661016949,0.4406779661016949,0.1925925925925926,2.0947805386393106,24.04192259017003,False,0.2611111111111111,800,0.1674297598401608,0.1117769199845497,3.153102397918701,0.8098809523809525,6
german,44,50,4,0.1,1.5,256,450,0.001,,dp,OFAT:teacher_n_estimators=50,0.7789285714285714,0.4505351185798645,0.0756013745704467,0.174367144703865,0.4745762711864406,1.0,0.5254237288135594,0.4745762711864406,0.4745762711864406,0.1185185185185185,2.221272867048197,22.109435105488487,False,0.2555555555555555,800,0.129875419856944,0.1128125099990029,3.1047329902648926,0.8098809523809525,7
german,45,50,4,0.1,1.5,256,450,0.001,,dp,OFAT:teacher_n_estimators=50,0.7930357142857143,0.4287095069885254,0.1168384879725085,0.0159626305103302,0.3898305084745762,1.0,0.6101694915254238,0.3898305084745762,0.3898305084745762,0.1407407407407407,2.005536346513812,18.56219311236885,False,0.2527777777777777,800,0.1685264197294599,0.11338309998564,3.141251564025879,0.8098809523809525,8
german,46,50,4,0.1,1.5,256,450,0.001,,dp,OFAT:teacher_n_estimators=50,0.7867261904761904,0.4247962832450866,0.1168384879725085,0.0352883636951446,0.4067796610169492,1.0,0.5932203389830508,0.4067796610169492,0.4067796610169492,0.1481481481481481,2.0865016841948747,25.64652718292355,False,0.2572222222222222,800,0.1791795801545958,0.1179056100158959,3.1353816986083984,0.8098809523809525,9
german,42,200,4,0.1,1.5,256,450,0.001,,dp,OFAT:teacher_n_estimators=200,0.8023214285714285,0.4738748669624328,0.1065292096219931,0.0856145322322845,0.3898305084745762,1.0,0.6101694915254238,0.3898305084745762,0.3898305084745762,0.1259259259259259,2.194885775642641,27.4442682223,False,0.2555555555555555,800,0.403950000259101,0.1310356650128596,3.172978162765503,0.8072619047619047,10
german,43,200,4,0.1,1.5,256,450,0.001,,dp,OFAT:teacher_n_estimators=200,0.7826190476190477,0.4758867621421814,0.0601374570446735,0.1741742044687271,0.5084745762711864,1.0,0.4915254237288136,0.5084745762711864,0.5084745762711864,0.1111111111111111,2.1351968092272364,28.87177459672585,False,0.2611111111111111,800,0.1821316602581646,0.1148343800014117,3.129712581634521,0.8072619047619047,11
german,44,200,4,0.1,1.5,256,450,0.001,,dp,OFAT:teacher_n_estimators=200,0.7913095238095239,0.4878844618797302,0.1013745704467354,0.1462504267692566,0.4406779661016949,1.0,0.559322033898305,0.4406779661016949,0.4406779661016949,0.1407407407407407,2.241574334817832,21.9533307837186,False,0.2555555555555555,800,0.1677241598190445,0.115408699996351,3.101913452148437,0.8072619047619047,12
german,45,200,4,0.1,1.5,256,450,0.001,,dp,OFAT:teacher_n_estimators=200,0.7886904761904762,0.4831685423851013,0.3092783505154639,0.0185190141201019,0.6440677966101694,0.0,0.6440677966101694,0.6440677966101694,0.6440677966101694,0.1629629629629629,2.094137975564963,33.844524930189664,False,0.2527777777777777,800,0.1510900001403568,0.115038305013968,3.1297855377197266,0.8072619047619047,13
german,46,200,4,0.1,1.5,256,450,0.001,,dp,OFAT:teacher_n_estimators=200,0.7990476190476191,0.4894683957099914,0.2783505154639175,0.0179565548896789,0.6101694915254238,0.0,0.6101694915254238,0.6101694915254238,0.6101694915254238,0.1333333333333333,2.2384366816075847,27.29047990878056,False,0.2572222222222222,800,0.1782583298654572,0.1152970650173301,3.215704917907715,0.8072619047619047,14
german,42,100,4,0.1,1.5,256,450,0.001,,dp,OFAT:teacher_max_depth=4,0.7892857142857144,0.4837920069694519,0.2422680412371134,0.0291033685207366,0.5423728813559322,0.0,0.5423728813559322,0.5423728813559322,0.5423728813559322,0.1111111111111111,2.1577340448710545,28.192647475840456,False,0.2555555555555555,800,0.1362213301445079,0.1119500050117494,3.181589365005493,0.8088095238095239,15
german,43,100,4,0.1,1.5,256,450,0.001,,dp,OFAT:teacher_max_depth=4,0.7861904761904762,0.4698160588741302,0.070446735395189,0.1339319348335266,0.4745762711864406,1.0,0.5254237288135594,0.4745762711864406,0.4745762711864406,0.1111111111111111,2.1193533616984013,22.21972611832579,False,0.2611111111111111,800,0.1775587500651453,0.1137851949738433,3.1974990367889404,0.8088095238095239,16
german,44,100,4,0.1,1.5,256,450,0.001,,dp,OFAT:teacher_max_depth=4,0.7641666666666667,0.4696775376796722,0.1013745704467354,0.1387238204479217,0.4915254237288136,1.0,0.5084745762711864,0.4915254237288136,0.4915254237288136,0.1629629629629629,2.188565074239362,26.33014096541365,False,0.2555555555555555,800,0.1753359197482494,0.1178275350139301,3.206522226333618,0.8088095238095239,17
german,45,100,4,0.1,1.5,256,450,0.001,,dp,OFAT:teacher_max_depth=4,0.7908333333333333,0.4909324645996094,0.1323024054982818,0.0393630266189575,0.3898305084745762,1.0,0.6101694915254238,0.3898305084745762,0.3898305084745762,0.1629629629629629,2.05574796777307,27.19233591744588,False,0.2527777777777777,800,0.242186500290699,0.1246954350040141,3.29427433013916,0.8088095238095239,18
german,46,100,4,0.1,1.5,256,450,0.001,,dp,OFAT:teacher_max_depth=4,0.8028571428571428,0.4719675481319427,0.1013745704467354,0.1081157922744751,0.423728813559322,1.0,0.576271186440678,0.423728813559322,0.423728813559322,0.1333333333333333,2.143969488124013,27.41898991004716,False,0.2572222222222222,800,0.1282210801900873,0.1137543750064651,3.4936745166778564,0.8088095238095239,19
german,42,100,3,0.1,1.5,256,450,0.001,,dp,OFAT:teacher_max_depth=3,0.7794047619047619,0.4972721934318542,0.0859106529209622,0.0857506096363067,0.4576271186440678,1.0,0.5423728813559322,0.4576271186440678,0.4576271186440678,0.1259259259259259,2.151106400963154,21.364352884762067,False,0.2555555555555555,800,0.1878162503453495,0.1190687600251294,3.1730072498321533,0.81,20
german,43,100,3,0.1,1.5,256,450,0.001,,dp,OFAT:teacher_max_depth=3,0.7725,0.5014044642448425,0.0859106529209622,0.1284652650356292,0.4745762711864406,1.0,0.5254237288135594,0.4745762711864406,0.4745762711864406,0.1333333333333333,2.0255922893406875,19.020389364744915,False,0.2611111111111111,800,0.1866870799722164,0.1179749750190239,3.228369235992432,0.81,21
german,44,100,3,0.1,1.5,256,450,0.001,,dp,OFAT:teacher_max_depth=3,0.7850595238095237,0.5150340795516968,0.0859106529209622,0.1044223308563232,0.4576271186440678,1.0,0.5423728813559322,0.4576271186440678,0.4576271186440678,0.1259259259259259,2.209366683997595,33.71909904845226,False,0.2555555555555555,800,0.1458804202684405,0.1181381299875283,3.2051212787628174,0.81,22
german,45,100,3,0.1,1.5,256,450,0.001,,dp,OFAT:teacher_max_depth=3,0.7890476190476191,0.4992599487304687,0.1116838487972508,0.0637294650077819,0.4067796610169492,1.0,0.5932203389830508,0.4067796610169492,0.4067796610169492,0.1407407407407407,2.074630500409627,26.01035421599265,False,0.2527777777777777,800,0.1400154200564428,0.1151568800150926,3.2076287269592285,0.81,23
german,46,100,3,0.1,1.5,256,450,0.001,,dp,OFAT:teacher_max_depth=3,0.786547619047619,0.5302730798721313,0.1219931271477663,0.1013707518577575,0.423728813559322,1.0,0.576271186440678,0.423728813559322,0.423728813559322,0.1629629629629629,2.104397668885598,18.42447939207729,False,0.2572222222222222,800,0.2210366701501695,0.1183214850107106,3.154984474182129,0.81,24
german,42,100,6,0.1,1.5,256,450,0.001,,dp,OFAT:teacher_max_depth=6,0.795952380952381,0.4800759851932525,0.0807560137457044,0.135695219039917,0.423728813559322,1.0,0.576271186440678,0.423728813559322,0.423728813559322,0.1037037037037037,2.148441227542239,23.37392907903989,False,0.2555555555555555,800,0.2512094099574823,0.1196112499928858,3.333314180374145,0.8088095238095238,25
german,43,100,6,0.1,1.5,256,450,0.001,,dp,OFAT:teacher_max_depth=6,0.7807142857142857,0.4696106910705566,0.1065292096219931,0.0580452680587768,0.4576271186440678,1.0,0.5423728813559322,0.4576271186440678,0.4576271186440678,0.1555555555555555,2.07426643695758,23.52390738612128,False,0.2611111111111111,800,0.1816710101138596,0.1183785250032087,3.3253040313720703,0.8088095238095238,26
german,44,100,6,0.1,1.5,256,450,0.001,,dp,OFAT:teacher_max_depth=6,0.7897023809523809,0.4606916308403015,0.1219931271477663,0.1040818691253662,0.4406779661016949,1.0,0.559322033898305,0.4406779661016949,0.4406779661016949,0.1703703703703703,2.227857720728955,28.34452516426422,False,0.2555555555555555,800,0.1598726703559802,0.1177478899808193,3.2563347816467285,0.8088095238095238,27
german,45,100,6,0.1,1.5,256,450,0.001,,dp,OFAT:teacher_max_depth=6,0.8064880952380953,0.4366005361080169,0.1323024054982818,0.0414556264877319,0.3389830508474576,1.0,0.6610169491525424,0.3389830508474576,0.3389830508474576,0.1407407407407407,2.126266918843532,24.294090883215897,False,0.2527777777777777,800,0.1992082499100427,0.1184879200081923,3.246365547180176,0.8088095238095238,28
german,46,100,6,0.1,1.5,256,450,0.001,,dp,OFAT:teacher_max_depth=6,0.7955952380952382,0.4692171514034271,0.1013745704467354,0.0237290561199188,0.423728813559322,1.0,0.576271186440678,0.423728813559322,0.423728813559322,0.1333333333333333,2.2234194462566808,25.96569356756509,False,0.2572222222222222,800,0.1303334200156314,0.1154935249746813,3.2500863075256348,0.8088095238095238,29
german,42,100,4,0.1,0.0,256,450,0.001,,dp,OFAT:lambda_fair=0.0,0.8058333333333335,0.477330595254898,0.1013745704467354,0.0955931395292282,0.4406779661016949,1.0,0.559322033898305,0.4406779661016949,0.4406779661016949,0.1407407407407407,1.9069916468363208,31.639329811607087,False,0.2555555555555555,800,0.1905120802030064,0.1205645899881346,3.23032283782959,0.8088095238095239,30
german,43,100,4,0.1,0.0,256,450,0.001,,dp,OFAT:lambda_fair=0.0,0.7785714285714286,0.4865003526210785,0.1065292096219931,0.1097888499498367,0.4406779661016949,1.0,0.559322033898305,0.4406779661016949,0.4406779661016949,0.1481481481481481,1.91024680508362,31.06964444055493,False,0.2611111111111111,800,0.1540059202807241,0.1158630899931267,3.264332771301269,0.8088095238095239,31
german,44,100,4,0.1,0.0,256,450,0.001,,dp,OFAT:lambda_fair=0.0,0.8095833333333332,0.4868544638156891,0.127147766323024,0.1239446550607681,0.3559322033898305,1.0,0.6440677966101694,0.3559322033898305,0.3559322033898305,0.1407407407407407,1.9170180654850968,26.703349743281,False,0.2555555555555555,800,0.2098067500173781,0.1182749900021917,3.209498405456543,0.8088095238095239,32
german,45,100,4,0.1,0.0,256,450,0.001,,dp,OFAT:lambda_fair=0.0,0.8088690476190477,0.4963906407356262,0.1168384879725085,0.1153049021959304,0.3898305084745762,1.0,0.6101694915254238,0.3898305084745762,0.3898305084745762,0.1407407407407407,1.8889370506809595,30.130150774809508,False,0.2527777777777777,800,0.1266810101378723,0.1138801899901409,3.2486817836761475,0.8088095238095239,33
german,46,100,4,0.1,0.0,256,450,0.001,,dp,OFAT:lambda_fair=0.0,0.7955357142857142,0.4879370629787445,0.1168384879725085,0.1243074685335159,0.3728813559322034,1.0,0.6271186440677966,0.3728813559322034,0.3728813559322034,0.1333333333333333,1.9034213850238484,33.059825803659336,False,0.2572222222222222,800,0.2040197599217207,0.1193503850004162,3.247649908065796,0.8088095238095239,34
german,42,100,4,0.1,0.5,256,450,0.001,,dp,OFAT:lambda_fair=0.5,0.7958333333333333,0.5064502954483032,0.0962199312714776,0.0034334361553192,0.4067796610169492,1.0,0.5932203389830508,0.4067796610169492,0.4067796610169492,0.1185185185185185,1.952811807354716,25.751874574786257,False,0.2555555555555555,800,0.1365519998398667,0.1145324949789028,3.264709949493408,0.8088095238095239,35
german,43,100,4,0.1,0.5,256,450,0.001,,dp,OFAT:lambda_fair=0.5,0.7752380952380953,0.4734523296356201,0.1323024054982818,0.0580292791128158,0.4576271186440678,1.0,0.5423728813559322,0.4576271186440678,0.4576271186440678,0.1925925925925926,1.849895270915003,31.6833654453524,False,0.2611111111111111,800,0.2864947500574984,0.1244372550149819,3.2062458992004395,0.8088095238095239,36
german,44,100,4,0.1,0.5,256,450,0.001,,dp,OFAT:lambda_fair=0.5,0.7717857142857143,0.5015400648117065,0.0807560137457044,0.0413036942481994,0.4576271186440678,1.0,0.5423728813559322,0.4576271186440678,0.4576271186440678,0.1185185185185185,2.006770194196023,24.011990267624054,False,0.2555555555555555,800,0.1313862503639029,0.1146129000039763,3.2366535663604736,0.8088095238095239,37
german,45,100,4,0.1,0.5,256,450,0.001,,dp,OFAT:lambda_fair=0.5,0.7995238095238095,0.514956533908844,0.1116838487972508,0.0539299398660659,0.4067796610169492,1.0,0.5932203389830508,0.4067796610169492,0.4067796610169492,0.1407407407407407,1.9353857337372584,27.83306165518972,False,0.2527777777777777,800,0.177115920378128,0.118317525027578,3.222543239593506,0.8088095238095239,38
german,46,100,4,0.1,0.5,256,450,0.001,,dp,OFAT:lambda_fair=0.5,0.7967857142857142,0.4931658208370209,0.1116838487972508,0.0665864497423172,0.4406779661016949,1.0,0.559322033898305,0.4406779661016949,0.4406779661016949,0.1555555555555555,1.978551054459228,28.320123081120755,False,0.2572222222222222,800,0.1559074999750008,0.1161276899802032,3.293887138366699,0.8088095238095239,39
german,42,100,4,0.1,1.0,256,450,0.001,,dp,OFAT:lambda_fair=1.0,0.7854761904761904,0.4989582896232605,0.0962199312714776,0.0636476576328277,0.423728813559322,1.0,0.576271186440678,0.423728813559322,0.423728813559322,0.1259259259259259,2.017089125405286,25.090093329655943,False,0.2555555555555555,800,0.1610267502883286,0.1186866749844739,3.2386600971221924,0.8088095238095239,40
german,43,100,4,0.1,1.0,256,450,0.001,,dp,OFAT:lambda_fair=1.0,0.7617857142857143,0.4924672245979309,0.1168384879725085,0.0841839015483856,0.4915254237288136,1.0,0.5084745762711864,0.4915254237288136,0.4915254237288136,0.1851851851851851,1.975088231462044,24.551761343214142,False,0.2611111111111111,800,0.1313783399109525,0.1158006449895765,3.2766427993774414,0.8088095238095239,41
german,44,100,4,0.1,1.0,256,450,0.001,,dp,OFAT:lambda_fair=1.0,0.7892261904761904,0.4917082786560058,0.1219931271477663,0.0982876121997833,0.4067796610169492,1.0,0.5932203389830508,0.4067796610169492,0.4067796610169492,0.1555555555555555,2.102090808940521,25.37316324785084,False,0.2555555555555555,800,0.2870512498020615,0.1233352199915316,3.2404823303222656,0.8088095238095239,42
german,45,100,4,0.1,1.0,256,450,0.001,,dp,OFAT:lambda_fair=1.0,0.8057738095238095,0.4961906969547272,0.1219931271477663,0.0563323199748992,0.3559322033898305,1.0,0.6440677966101694,0.3559322033898305,0.3559322033898305,0.1333333333333333,1.9939239207369104,22.91327966960018,False,0.2527777777777777,800,0.1712281601567154,0.1194010399967737,3.3805041313171387,0.8088095238095239,43
german,46,100,4,0.1,1.0,256,450,0.001,,dp,OFAT:lambda_fair=1.0,0.7958928571428572,0.4927908480167389,0.0601374570446735,0.1206935793161392,0.4745762711864406,1.0,0.5254237288135594,0.4745762711864406,0.4745762711864406,0.0962962962962963,2.060223900457589,23.313338470188604,False,0.2572222222222222,800,0.2521591698632618,0.1218860750009298,3.307863473892212,0.8088095238095239,44
german,42,100,4,0.1,2.5,256,450,0.001,,dp,OFAT:lambda_fair=2.5,0.7942857142857143,0.4964075982570648,0.0962199312714776,0.1253390312194824,0.423728813559322,1.0,0.576271186440678,0.423728813559322,0.423728813559322,0.1259259259259259,2.2886151806679123,21.55809763736644,False,0.2555555555555555,800,0.2333625002074765,0.1280139500227051,3.8862454891204834,0.8088095238095239,45
german,43,100,4,0.1,2.5,256,450,0.001,,dp,OFAT:lambda_fair=2.5,0.7822619047619047,0.4614626765251159,0.070446735395189,0.1093283891677856,0.4576271186440678,1.0,0.5423728813559322,0.4576271186440678,0.4576271186440678,0.1037037037037037,2.247414120938818,17.602895742281444,False,0.2611111111111111,800,0.1716669098732381,0.1215616900140048,3.2904200553894043,0.8088095238095239,46
german,44,100,4,0.1,2.5,256,450,0.001,,dp,OFAT:lambda_fair=2.5,0.7916666666666666,0.4697446227073669,0.0756013745704467,0.1724597811698913,0.4745762711864406,1.0,0.5254237288135594,0.4745762711864406,0.4745762711864406,0.1185185185185185,2.3718428548103123,25.050983322027548,False,0.2555555555555555,800,0.2127057401412457,0.1242464650022157,3.267144203186035,0.8088095238095239,47
german,45,100,4,0.1,2.5,256,450,0.001,,dp,OFAT:lambda_fair=2.5,0.7926190476190476,0.4928086400032043,0.2525773195876288,0.0684464275836944,0.5932203389830508,0.0,0.5932203389830508,0.5932203389830508,0.5932203389830508,0.1037037037037037,2.264597285231748,19.958454827033272,False,0.2527777777777777,800,0.1450138399650313,0.1145137650064498,3.497872829437256,0.8088095238095239,48
german,46,100,4,0.1,2.5,256,450,0.001,,dp,OFAT:lambda_fair=2.5,0.7973809523809523,0.4804634153842926,0.2886597938144329,0.0074947476387023,0.576271186440678,0.0,0.576271186440678,0.576271186440678,0.576271186440678,0.1629629629629629,2.27090265226776,25.37422744940274,False,0.2572222222222222,800,0.1693413300290558,0.1154504499822905,3.59579873085022,0.8088095238095239,49
german,42,100,4,0.1,5.0,256,450,0.001,,dp,OFAT:lambda_fair=5.0,0.7947023809523809,0.4648255407810211,0.1013745704467354,0.0845299363136291,0.4406779661016949,1.0,0.559322033898305,0.4406779661016949,0.4406779661016949,0.1407407407407407,2.4002545256115995,8.733164068286566,False,0.2555555555555555,800,0.1359684200997435,0.1184254299982967,3.3601114749908447,0.8088095238095239,50
german,43,100,4,0.1,5.0,256,450,0.001,,dp,OFAT:lambda_fair=5.0,0.77375,0.4479764997959137,0.2422680412371134,0.0641172528266906,0.5084745762711864,0.0,0.5084745762711864,0.5084745762711864,0.5084745762711864,0.1259259259259259,2.3700336872582257,10.4205737064891,False,0.2611111111111111,800,0.1404709200915017,0.1177802200049882,3.2221524715423584,0.8088095238095239,51
german,44,100,4,0.1,5.0,256,450,0.001,,dp,OFAT:lambda_fair=5.0,0.7815476190476192,0.4545824527740478,0.1168384879725085,0.0693644881248474,0.4067796610169492,1.0,0.5932203389830508,0.4067796610169492,0.4067796610169492,0.1481481481481481,2.4249706531551296,11.879373711123703,False,0.2555555555555555,800,0.1290898300385379,0.1154775150075693,3.219582319259644,0.8088095238095239,52
german,45,100,4,0.1,5.0,256,450,0.001,,dp,OFAT:lambda_fair=5.0,0.7961904761904762,0.4790987372398376,0.2628865979381443,0.0277952551841735,0.5254237288135594,0.0,0.5254237288135594,0.5254237288135594,0.5254237288135594,0.1481481481481481,2.412894106685973,8.948941968335143,False,0.2527777777777777,800,0.2059361600868213,0.1204345749874846,3.294891119003296,0.8088095238095239,53
german,46,100,4,0.1,5.0,256,450,0.001,,dp,OFAT:lambda_fair=5.0,0.7836904761904762,0.466696560382843,0.2164948453608247,0.1146617531776428,0.4915254237288136,0.0,0.4915254237288136,0.4915254237288136,0.4915254237288136,0.0962962962962963,2.2899362013347213,6.810577568794128,False,0.2572222222222222,800,0.2331296698139328,0.1190727100015465,3.347156286239624,0.8088095238095239,54
german,42,100,4,0.1,1.5,512,450,0.001,,dp,OFAT:batch_size=512,0.7973809523809523,0.4946337640285492,0.268041237113402,0.0578640699386596,0.5932203389830508,0.0,0.5932203389830508,0.5932203389830508,0.5932203389830508,0.1259259259259259,1.4483370306946668,2.31477855888394,False,0.0033333333333333,800,0.2424671701328392,0.122440190002635,2.793520927429199,0.8088095238095239,55
german,43,100,4,0.1,1.5,512,450,0.001,,dp,OFAT:batch_size=512,0.7745833333333334,0.4759178161621094,0.0601374570446735,0.1023012399673461,0.5084745762711864,1.0,0.4915254237288136,0.5084745762711864,0.5084745762711864,0.1111111111111111,1.3563712025392018,2.37885584200985,False,0.0022222222222222,800,0.1828196695623772,0.1175010149950139,2.671795606613159,0.8088095238095239,56
german,44,100,4,0.1,1.5,512,450,0.001,,dp,OFAT:batch_size=512,0.7735714285714286,0.4887905716896057,0.0756013745704467,0.0915032029151916,0.4915254237288136,1.0,0.5084745762711864,0.4915254237288136,0.4915254237288136,0.1259259259259259,1.451215365636979,2.455839599098119,False,0.0,800,0.1731275003976407,0.118911049989947,2.644615650177002,0.8088095238095239,57
german,45,100,4,0.1,1.5,512,450,0.001,,dp,OFAT:batch_size=512,0.7847619047619048,0.4945272505283355,0.2835051546391752,0.036112755537033,0.5932203389830508,0.0,0.5932203389830508,0.5932203389830508,0.5932203389830508,0.1481481481481481,1.365993757624734,2.620349883285491,False,0.0011111111111111,800,0.1782937503139691,0.1181776899602482,2.577954053878784,0.8088095238095239,58
german,46,100,4,0.1,1.5,512,450,0.001,,dp,OFAT:batch_size=512,0.8014285714285715,0.498281866312027,0.1116838487972508,0.1006253063678741,0.4406779661016949,1.0,0.559322033898305,0.4406779661016949,0.4406779661016949,0.1555555555555555,1.3865561735251886,2.8245420971181723,False,0.0022222222222222,800,0.1658617597604461,0.1176395900165516,2.6098473072052,0.8088095238095239,59
german,42,100,4,0.1,1.5,64,450,0.001,,dp,OFAT:batch_size=64,0.8216071428571429,0.5159130096435547,0.0807560137457044,0.0900650173425674,0.423728813559322,1.0,0.576271186440678,0.423728813559322,0.423728813559322,0.1037037037037037,8.120649856641622,158.27740024336993,False,0.92,800,0.1389993401107855,0.1184872500084566,5.757195234298706,0.8088095238095239,60
german,43,100,4,0.1,1.5,64,450,0.001,,dp,OFAT:batch_size=64,0.7982142857142858,0.4742066264152527,0.1013745704467354,0.1082981675863266,0.4745762711864406,1.0,0.5254237288135594,0.4745762711864406,0.4745762711864406,0.1555555555555555,8.165532294279688,186.7978676787272,False,0.9117948717948718,800,0.192410589952487,0.1199085249936615,5.879268407821655,0.8088095238095239,61
german,44,100,4,0.1,1.5,64,450,0.001,,dp,OFAT:batch_size=64,0.7782142857142857,0.5028333067893982,0.0807560137457044,0.0844028890132904,0.4915254237288136,1.0,0.5084745762711864,0.4915254237288136,0.4915254237288136,0.1333333333333333,8.32941925664963,139.11744362158845,False,0.9097435897435896,800,0.1364562502385523,0.1167743399810206,6.026987791061401,0.8088095238095239,62
german,45,100,4,0.1,1.5,64,450,0.001,,dp,OFAT:batch_size=64,0.8073809523809523,0.4911845624446869,0.1477663230240549,0.1568579226732254,0.3559322033898305,1.0,0.6440677966101694,0.3559322033898305,0.3559322033898305,0.1703703703703703,8.440929779551084,138.8445642594082,False,0.9162393162393162,800,0.1661144998206509,0.1194358000088868,5.962385654449463,0.8088095238095239,63
german,46,100,4,0.1,1.5,64,450,0.001,,dp,OFAT:batch_size=64,0.7973809523809525,0.4865793585777282,0.0910652920962199,0.1028604954481124,0.4406779661016949,1.0,0.559322033898305,0.4406779661016949,0.4406779661016949,0.1259259259259259,8.59938870312495,150.77019793038622,False,0.916923076923077,800,0.1946529998986078,0.1233034999972915,5.881125926971436,0.8088095238095239,64
german,42,100,4,0.1,1.5,256,450,0.001,,dp,OFAT:batch_size=256,0.7892857142857144,0.4837920069694519,0.2422680412371134,0.0291033685207366,0.5423728813559322,0.0,0.5423728813559322,0.5423728813559322,0.5423728813559322,0.1111111111111111,2.1577340448710545,28.192647475840456,False,0.2555555555555555,800,0.1319141596241024,0.1164650149894441,3.215543270111084,0.8088095238095239,65
german,43,100,4,0.1,1.5,256,450,0.001,,dp,OFAT:batch_size=256,0.7861904761904762,0.4698160588741302,0.070446735395189,0.1339319348335266,0.4745762711864406,1.0,0.5254237288135594,0.4745762711864406,0.4745762711864406,0.1111111111111111,2.1193533616984013,22.21972611832579,False,0.2611111111111111,800,0.1712329997599226,0.1153341699819066,3.175830125808716,0.8088095238095239,66
german,44,100,4,0.1,1.5,256,450,0.001,,dp,OFAT:batch_size=256,0.7641666666666667,0.4696775376796722,0.1013745704467354,0.1387238204479217,0.4915254237288136,1.0,0.5084745762711864,0.4915254237288136,0.4915254237288136,0.1629629629629629,2.188565074239362,26.33014096541365,False,0.2555555555555555,800,0.1686541702383692,0.1147364349822055,3.2058475017547607,0.8088095238095239,67
german,45,100,4,0.1,1.5,256,450,0.001,,dp,OFAT:batch_size=256,0.7908333333333333,0.4909324645996094,0.1323024054982818,0.0393630266189575,0.3898305084745762,1.0,0.6101694915254238,0.3898305084745762,0.3898305084745762,0.1629629629629629,2.05574796777307,27.19233591744588,False,0.2527777777777777,800,0.1732658299852118,0.1198010500161217,3.301915168762207,0.8088095238095239,68
german,46,100,4,0.1,1.5,256,450,0.001,,dp,OFAT:batch_size=256,0.8028571428571428,0.4719675481319427,0.1013745704467354,0.1081157922744751,0.423728813559322,1.0,0.576271186440678,0.423728813559322,0.423728813559322,0.1333333333333333,2.143969488124013,27.41898991004716,False,0.2572222222222222,800,0.1241335801614695,0.1122708299863006,3.2422590255737305,0.8088095238095239,69
german,42,100,4,0.1,1.5,1024,450,0.001,,dp,OFAT:batch_size=1024,0.8105952380952381,0.4637953341007232,0.0910652920962199,0.0465860217809677,0.423728813559322,1.0,0.576271186440678,0.423728813559322,0.423728813559322,0.1185185185185185,1.134795348753268,1.8103675500801872,False,0.0,800,0.1437049099331487,0.1181191899968325,2.2686896324157715,0.8088095238095239,70
german,43,100,4,0.1,1.5,1024,450,0.001,,dp,OFAT:batch_size=1024,0.7802380952380952,0.4765364229679107,0.1168384879725085,0.0702816694974899,0.4576271186440678,1.0,0.5423728813559322,0.4576271186440678,0.4576271186440678,0.1703703703703703,1.1576412234238695,1.9693830487697568,False,0.0,800,0.1396329999670342,0.1146562600160905,2.252981424331665,0.8088095238095239,71
german,44,100,4,0.1,1.5,1024,450,0.001,,dp,OFAT:batch_size=1024,0.7896428571428571,0.4445303082466125,0.1529209621993127,0.115325853228569,0.3898305084745762,1.0,0.6101694915254238,0.3898305084745762,0.3898305084745762,0.1925925925925926,1.0893134516793854,1.742473089282928,False,0.0,800,0.1342015799446016,0.1153364599872475,2.214043378829956,0.8088095238095239,72
german,45,100,4,0.1,1.5,1024,450,0.001,,dp,OFAT:batch_size=1024,0.7825,0.4766437113285064,0.0807560137457044,0.0557804405689239,0.4576271186440678,1.0,0.5423728813559322,0.4576271186440678,0.4576271186440678,0.1185185185185185,1.1055819289266298,1.7069952527834351,False,0.0,800,0.1672324997389295,0.1183847849756603,2.2112491130828857,0.8088095238095239,73
german,46,100,4,0.1,1.5,1024,450,0.001,,dp,OFAT:batch_size=1024,0.7902380952380953,0.4665086269378662,0.0962199312714776,0.0350108742713928,0.4576271186440678,1.0,0.5423728813559322,0.4576271186440678,0.4576271186440678,0.1407407407407407,1.123524889996212,1.792681047963904,False,0.0,800,0.2156988301840099,0.1227058000040415,2.23820161819458,0.8088095238095239,74
german,42,100,4,0.1,1.5,256,450,0.001,,dp,OFAT:minority_fraction=None,0.7892857142857144,0.4837920069694519,0.2422680412371134,0.0291033685207366,0.5423728813559322,0.0,0.5423728813559322,0.5423728813559322,0.5423728813559322,0.1111111111111111,2.1577340448710545,28.192647475840456,False,0.2555555555555555,800,0.2230042599921943,0.1213210699984301,3.1411054134368896,0.8088095238095239,75
german,43,100,4,0.1,1.5,256,450,0.001,,dp,OFAT:minority_fraction=None,0.7861904761904762,0.4698160588741302,0.070446735395189,0.1339319348335266,0.4745762711864406,1.0,0.5254237288135594,0.4745762711864406,0.4745762711864406,0.1111111111111111,2.1193533616984013,22.21972611832579,False,0.2611111111111111,800,0.1475137503621226,0.1166727250188159,3.156658172607422,0.8088095238095239,76
german,44,100,4,0.1,1.5,256,450,0.001,,dp,OFAT:minority_fraction=None,0.7641666666666667,0.4696775376796722,0.1013745704467354,0.1387238204479217,0.4915254237288136,1.0,0.5084745762711864,0.4915254237288136,0.4915254237288136,0.1629629629629629,2.188565074239362,26.33014096541365,False,0.2555555555555555,800,0.1671295801861561,0.1172783199831428,3.167546272277832,0.8088095238095239,77
german,45,100,4,0.1,1.5,256,450,0.001,,dp,OFAT:minority_fraction=None,0.7908333333333333,0.4909324645996094,0.1323024054982818,0.0393630266189575,0.3898305084745762,1.0,0.6101694915254238,0.3898305084745762,0.3898305084745762,0.1629629629629629,2.05574796777307,27.19233591744588,False,0.2527777777777777,800,0.1779124200356814,0.1204964999828916,3.108814239501953,0.8088095238095239,78
german,46,100,4,0.1,1.5,256,450,0.001,,dp,OFAT:minority_fraction=None,0.8028571428571428,0.4719675481319427,0.1013745704467354,0.1081157922744751,0.423728813559322,1.0,0.576271186440678,0.423728813559322,0.423728813559322,0.1333333333333333,2.143969488124013,27.41898991004716,False,0.2572222222222222,800,0.2659168398622565,0.1219326999876102,3.451302528381348,0.8088095238095239,79
german,42,100,4,0.1,1.5,256,450,0.001,0.01,dp,OFAT:minority_fraction=0.01,0.7949404761904761,0.488822877407074,0.1168384879725085,0.1074804812669754,0.4067796610169492,1.0,0.5932203389830508,0.4067796610169492,0.4067796610169492,0.1481481481481481,2.0476669564295493,42.518792674738,False,0.9388888888888888,777,0.1764615801039324,0.117402765006318,3.2348265647888184,0.8088095238095239,80
german,43,100,4,0.1,1.5,256,450,0.001,0.01,dp,OFAT:minority_fraction=0.01,0.7741071428571428,0.4171032905578613,0.1219931271477663,0.065223827958107,0.4406779661016949,1.0,0.559322033898305,0.4406779661016949,0.4406779661016949,0.1703703703703703,2.2332405124325847,45.49366169559638,False,0.94,777,0.1733112499914568,0.1185124649919089,3.1080965995788574,0.8088095238095239,81
german,44,100,4,0.1,1.5,256,450,0.001,0.01,dp,OFAT:minority_fraction=0.01,0.7873214285714285,0.4493490159511566,0.1219931271477663,0.1195148080587387,0.4067796610169492,1.0,0.5932203389830508,0.4067796610169492,0.4067796610169492,0.1555555555555555,2.119181924883516,58.91338027281112,False,0.9316666666666666,777,0.145342910018371,0.1189739949768409,3.077707290649414,0.8088095238095239,82
german,45,100,4,0.1,1.5,256,450,0.001,0.01,dp,OFAT:minority_fraction=0.01,0.7839880952380952,0.4595252573490143,0.0859106529209622,0.0203171521425247,0.4576271186440678,1.0,0.5423728813559322,0.4576271186440678,0.4576271186440678,0.1259259259259259,1.9825573026286727,51.91701892554777,False,0.935,777,0.1701530898208146,0.1189041700149573,3.1364400386810303,0.8088095238095239,83
german,46,100,4,0.1,1.5,256,450,0.001,0.01,dp,OFAT:minority_fraction=0.01,0.7758928571428572,0.4850859045982361,0.0910652920962199,0.1184040307998657,0.4406779661016949,1.0,0.559322033898305,0.4406779661016949,0.4406779661016949,0.1259259259259259,1.9150620394874176,37.3087716035144,False,0.9355555555555556,777,0.1707721699995089,0.1196893199994519,3.0906872749328613,0.8088095238095239,84
german,42,100,4,0.1,1.5,256,450,0.001,0.03,dp,OFAT:minority_fraction=0.03,0.7608333333333333,0.4841213226318359,0.0652920962199312,0.1856948137283325,0.4745762711864406,1.0,0.5254237288135594,0.4745762711864406,0.4745762711864406,0.1037037037037037,2.202766448288316,32.552437033008,False,0.2966666666666667,793,0.1357766700266438,0.1160210500233915,3.115478754043579,0.8088095238095239,85
german,43,100,4,0.1,1.5,256,450,0.001,0.03,dp,OFAT:minority_fraction=0.03,0.7714285714285715,0.4739921689033508,0.2216494845360824,0.0732467770576477,0.5254237288135594,0.0,0.5254237288135594,0.5254237288135594,0.5254237288135594,0.0888888888888888,2.102825014395106,28.128082374130354,False,0.3022222222222222,793,0.1742119898426608,0.1219472649881936,3.1600594520568848,0.8088095238095239,86
german,44,100,4,0.1,1.5,256,450,0.001,0.03,dp,OFAT:minority_fraction=0.03,0.8072619047619047,0.4866567254066467,0.1116838487972508,0.0962021648883819,0.3898305084745762,1.0,0.6101694915254238,0.3898305084745762,0.3898305084745762,0.1333333333333333,2.1368983421391508,25.309006479169287,False,0.3011111111111111,793,0.1649615798123702,0.1196616649849602,3.186350584030152,0.8088095238095239,87
german,45,100,4,0.1,1.5,256,450,0.001,0.03,dp,OFAT:minority_fraction=0.03,0.799345238095238,0.4761601388454437,0.1013745704467354,0.0627470314502716,0.4067796610169492,1.0,0.5932203389830508,0.4067796610169492,0.4067796610169492,0.1259259259259259,2.150678589036976,27.609380702192794,False,0.3022222222222222,793,0.1526956598081595,0.1179927649809542,3.184868812561035,0.8088095238095239,88
german,46,100,4,0.1,1.5,256,450,0.001,0.03,dp,OFAT:minority_fraction=0.03,0.7926190476190476,0.4852549433708191,0.0807560137457044,0.1621163189411163,0.4406779661016949,1.0,0.559322033898305,0.4406779661016949,0.4406779661016949,0.1111111111111111,2.1397789332818307,20.40802713400693,False,0.3011111111111111,793,0.1399855000909155,0.1183118850008213,3.1675753593444824,0.8088095238095239,89
german,42,100,4,0.1,1.5,256,450,0.001,0.05,dp,OFAT:minority_fraction=0.05,0.8016666666666666,0.4959398806095123,0.0962199312714776,0.0448778271675109,0.4406779661016949,1.0,0.559322033898305,0.4406779661016949,0.4406779661016949,0.1333333333333333,2.056055695498729,20.139202005194484,False,0.2355555555555555,809,0.3570604197284405,0.1301106550135955,3.205272674560547,0.8088095238095239,90
german,43,100,4,0.1,1.5,256,450,0.001,0.05,dp,OFAT:minority_fraction=0.05,0.7689880952380953,0.480832040309906,0.2577319587628865,0.2016784697771072,0.5254237288135594,0.0,0.5254237288135594,0.5254237288135594,0.5254237288135594,0.1407407407407407,1.9729826608572527,25.22717140243706,False,0.2433333333333333,809,0.1478990799660093,0.1156452550117137,3.269986152648926,0.8088095238095239,91
german,44,100,4,0.1,1.5,256,450,0.001,0.05,dp,OFAT:minority_fraction=0.05,0.7763095238095238,0.4746596217155456,0.2989690721649484,0.0596808940172195,0.6101694915254238,0.0,0.6101694915254238,0.6101694915254238,0.6101694915254238,0.1629629629629629,2.0760636406654083,24.77529667044577,False,0.24,809,0.2361215799419358,0.121763504989758,3.4947705268859863,0.8088095238095239,92
german,45,100,4,0.1,1.5,256,450,0.001,0.05,dp,OFAT:minority_fraction=0.05,0.7869642857142858,0.4804791510105133,0.127147766323024,0.0169504582881927,0.3728813559322034,1.0,0.6271186440677966,0.3728813559322034,0.3728813559322034,0.1481481481481481,1.968000703016896,18.780983430227977,False,0.2377777777777777,809,0.1715461603134827,0.1154871449898564,3.365947961807251,0.8088095238095239,93
german,46,100,4,0.1,1.5,256,450,0.001,0.05,dp,OFAT:minority_fraction=0.05,0.8016666666666666,0.498135894536972,0.1219931271477663,0.0871647298336029,0.4067796610169492,1.0,0.5932203389830508,0.4067796610169492,0.4067796610169492,0.1555555555555555,1.957012227937038,20.847385457402165,False,0.2372222222222222,809,0.2978733297641153,0.1222812199989675,3.3393666744232178,0.8088095238095239,94
german,42,100,4,0.1,1.5,256,450,0.001,0.1,dp,OFAT:minority_fraction=0.1,0.7945833333333333,0.4935382008552551,0.0807560137457044,0.0982740819454193,0.4406779661016949,1.0,0.559322033898305,0.4406779661016949,0.4406779661016949,0.1111111111111111,1.8970323806774023,11.570721865285382,False,0.0094444444444444,854,0.1732399999491461,0.1164433000121789,3.4467127323150635,0.8088095238095239,95
german,43,100,4,0.1,1.5,256,450,0.001,0.1,dp,OFAT:minority_fraction=0.1,0.7974404761904761,0.5010537505149841,0.1168384879725085,0.0673620700836181,0.4406779661016949,1.0,0.559322033898305,0.4406779661016949,0.4406779661016949,0.1629629629629629,1.8149901054625004,13.228728964352715,False,0.0111111111111111,854,0.2538760099787395,0.1157406150218776,3.357818126678467,0.8088095238095239,96
german,44,100,4,0.1,1.5,256,450,0.001,0.1,dp,OFAT:minority_fraction=0.1,0.7948809523809524,0.4992586970329284,0.0910652920962199,0.042184829711914,0.4406779661016949,1.0,0.559322033898305,0.4406779661016949,0.4406779661016949,0.1259259259259259,1.8297136525112705,13.099539183174784,False,0.0138888888888888,854,0.1874165801473279,0.1176825550032845,3.364469051361084,0.8088095238095239,97
german,45,100,4,0.1,1.5,256,450,0.001,0.1,dp,OFAT:minority_fraction=0.1,0.7867261904761905,0.5015716552734375,0.1013745704467354,0.0306137800216674,0.4067796610169492,1.0,0.5932203389830508,0.4067796610169492,0.4067796610169492,0.1259259259259259,1.85694873784914,11.36342762997404,False,0.0122222222222222,854,0.174149340259646,0.1161759999740752,3.3880183696746826,0.8088095238095239,98
german,46,100,4,0.1,1.5,256,450,0.001,0.1,dp,OFAT:minority_fraction=0.1,0.8083928571428571,0.4970294833183288,0.1683848797250859,0.0401462018489837,0.3389830508474576,1.0,0.6610169491525424,0.3389830508474576,0.3389830508474576,0.1925925925925926,1.8647758473120293,9.65557054716879,False,0.0088888888888888,854,0.2610246699441614,0.1230020800062448,3.355062484741211,0.8088095238095239,99
german,42,100,4,0.1,0.0,256,450,0.001,0.01,dp,"FACT:lambda_fair=0.0,minority_fraction=0.01",0.8167261904761904,0.4817700982093811,0.1065292096219931,0.1060542315244674,0.3898305084745762,1.0,0.6101694915254238,0.3898305084745762,0.3898305084745762,0.1259259259259259,1.9793517036997368,38.629277854171285,False,0.9388888888888888,777,0.1706844900218129,0.115012525009206,3.064226627349853,0.8088095238095239,100
german,43,100,4,0.1,0.0,256,450,0.001,0.01,dp,"FACT:lambda_fair=0.0,minority_fraction=0.01",0.8022619047619047,0.4520643651485443,0.1013745704467354,0.1057312488555908,0.4915254237288136,1.0,0.5084745762711864,0.4915254237288136,0.4915254237288136,0.1629629629629629,2.173073137951045,45.830621992625815,False,0.94,777,0.1780891597809385,0.1193977000048107,3.138488531112671,0.8088095238095239,101
german,44,100,4,0.1,0.0,256,450,0.001,0.01,dp,"FACT:lambda_fair=0.0,minority_fraction=0.01",0.8017261904761903,0.4405564665794372,0.1013745704467354,0.1219644099473953,0.4406779661016949,1.0,0.559322033898305,0.4406779661016949,0.4406779661016949,0.1407407407407407,2.1904535243942136,45.94702090969848,False,0.9316666666666666,777,0.1235249999717779,0.1131437700109927,3.105538845062256,0.8088095238095239,102
german,45,100,4,0.1,0.0,256,450,0.001,0.01,dp,"FACT:lambda_fair=0.0,minority_fraction=0.01",0.7872619047619047,0.4639130234718323,0.070446735395189,0.0705132335424423,0.4576271186440678,1.0,0.5423728813559322,0.4576271186440678,0.4576271186440678,0.1037037037037037,2.056575514449632,42.95881536515867,False,0.935,777,0.1697644101477635,0.1198862699970959,3.1287410259246826,0.8088095238095239,103
german,46,100,4,0.1,0.0,256,450,0.001,0.01,dp,"FACT:lambda_fair=0.0,minority_fraction=0.01",0.7922619047619047,0.4932808876037597,0.0807560137457044,0.0806158185005188,0.4745762711864406,1.0,0.5254237288135594,0.4745762711864406,0.4745762711864406,0.1259259259259259,2.0188460938440915,42.32050745192429,False,0.9355555555555556,777,0.1860452401888323,0.1220054449981944,3.1446328163146973,0.8088095238095239,104
german,42,100,4,0.1,0.0,256,450,0.001,0.03,dp,"FACT:lambda_fair=0.0,minority_fraction=0.03",0.8211309523809524,0.4899358749389648,0.0807560137457044,0.0857390463352203,0.423728813559322,1.0,0.576271186440678,0.423728813559322,0.423728813559322,0.1037037037037037,2.0362757797331748,48.57203211708112,False,0.2966666666666667,793,0.1832464997187343,0.1205063150041496,3.152024984359741,0.8088095238095239,105
german,43,100,4,0.1,0.0,256,450,0.001,0.03,dp,"FACT:lambda_fair=0.0,minority_fraction=0.03",0.7797619047619048,0.4751130938529968,0.1065292096219931,0.1144756525754928,0.4406779661016949,1.0,0.559322033898305,0.4406779661016949,0.4406779661016949,0.1481481481481481,2.0678465220599,27.453765746515675,False,0.3022222222222222,793,0.1720037500217586,0.1185254300116867,3.288127183914185,0.8088095238095239,106
german,44,100,4,0.1,0.0,256,450,0.001,0.03,dp,"FACT:lambda_fair=0.0,minority_fraction=0.03",0.7877380952380952,0.4944685101509094,0.1219931271477663,0.122745931148529,0.423728813559322,1.0,0.576271186440678,0.423728813559322,0.423728813559322,0.1629629629629629,2.0335602855335404,31.68361981709941,False,0.3011111111111111,793,0.1851708299182063,0.120532859996274,3.193697690963745,0.8088095238095239,107
german,45,100,4,0.1,0.0,256,450,0.001,0.03,dp,"FACT:lambda_fair=0.0,minority_fraction=0.03",0.8081547619047619,0.4845418334007263,0.1374570446735395,0.1382097750902176,0.3728813559322034,1.0,0.6271186440677966,0.3728813559322034,0.3728813559322034,0.1629629629629629,2.028553181539852,33.30683851996079,False,0.3022222222222222,793,0.384885000107715,0.1333914450106021,3.1914517879486084,0.8088095238095239,108
german,46,100,4,0.1,0.0,256,450,0.001,0.03,dp,"FACT:lambda_fair=0.0,minority_fraction=0.03",0.8135119047619048,0.4971036314964294,0.1013745704467354,0.0974935293197631,0.423728813559322,1.0,0.576271186440678,0.423728813559322,0.423728813559322,0.1333333333333333,1.9945148163269508,32.37872161556505,False,0.3011111111111111,793,0.133225250065152,0.1155335949806612,3.244957208633423,0.8088095238095239,109
german,42,100,4,0.1,0.0,256,450,0.001,0.05,dp,"FACT:lambda_fair=0.0,minority_fraction=0.05",0.8160714285714286,0.4953186511993408,0.1323024054982818,0.134054884314537,0.3898305084745762,1.0,0.6101694915254238,0.3898305084745762,0.3898305084745762,0.1629629629629629,1.7714342040830098,21.809900047944684,False,0.2355555555555555,809,0.1799683397894108,0.1170239750194923,3.283889055252075,0.8088095238095239,110
german,43,100,4,0.1,0.0,256,450,0.001,0.05,dp,"FACT:lambda_fair=0.0,minority_fraction=0.05",0.7913095238095239,0.4760212898254394,0.0601374570446735,0.0775813162326812,0.5084745762711864,1.0,0.4915254237288136,0.5084745762711864,0.5084745762711864,0.1111111111111111,1.8837539222229265,26.097131142625937,False,0.2433333333333333,809,0.1311127402595957,0.11399607000385,3.254664421081543,0.8088095238095239,111
german,44,100,4,0.1,0.0,256,450,0.001,0.05,dp,"FACT:lambda_fair=0.0,minority_fraction=0.05",0.7975000000000001,0.4996412396430969,0.0859106529209622,0.0883740037679672,0.4576271186440678,1.0,0.5423728813559322,0.4576271186440678,0.4576271186440678,0.1259259259259259,1.8102417199989629,17.19470621634457,False,0.24,809,0.2485663299876249,0.1260731049774222,3.417065620422364,0.8088095238095239,112
german,45,100,4,0.1,0.0,256,450,0.001,0.05,dp,"FACT:lambda_fair=0.0,minority_fraction=0.05",0.815297619047619,0.4945792257785797,0.1168384879725085,0.1152560859918594,0.3559322033898305,1.0,0.6440677966101694,0.3559322033898305,0.3559322033898305,0.1259259259259259,1.799861646012835,20.227045170490296,False,0.2377777777777777,809,0.2506857400157962,0.1221749999945132,3.366443395614624,0.8088095238095239,113
german,46,100,4,0.1,0.0,256,450,0.001,0.05,dp,"FACT:lambda_fair=0.0,minority_fraction=0.05",0.8113095238095238,0.5000318288803101,0.0756013745704467,0.0881129205226898,0.4576271186440678,1.0,0.5423728813559322,0.4576271186440678,0.4576271186440678,0.1111111111111111,1.784989028003972,26.149218686327647,False,0.2372222222222222,809,0.1789889999281508,0.118843935017594,3.2852654457092285,0.8088095238095239,114
german,42,100,4,0.1,0.0,256,450,0.001,0.1,dp,"FACT:lambda_fair=0.0,minority_fraction=0.1",0.8064285714285714,0.5113233327865601,0.0859106529209622,0.100612387061119,0.423728813559322,1.0,0.576271186440678,0.423728813559322,0.423728813559322,0.1111111111111111,1.6061832151108986,13.34865035305288,False,0.0094444444444444,854,0.1878382403174326,0.1181527300263951,3.3633625507354736,0.8088095238095239,115
german,43,100,4,0.1,0.0,256,450,0.001,0.1,dp,"FACT:lambda_fair=0.0,minority_fraction=0.1",0.7884523809523809,0.5079266428947449,0.1426116838487972,0.1419605016708374,0.3898305084745762,1.0,0.6101694915254238,0.3898305084745762,0.3898305084745762,0.1777777777777777,1.632359989916142,11.925925576027206,False,0.0111111111111111,854,0.1822402398329358,0.1158885399922837,3.397007465362549,0.8088095238095239,116
german,44,100,4,0.1,0.0,256,450,0.001,0.1,dp,"FACT:lambda_fair=0.0,minority_fraction=0.1",0.788095238095238,0.521443247795105,0.1323024054982818,0.1233153790235519,0.4067796610169492,1.0,0.5932203389830508,0.4067796610169492,0.4067796610169492,0.1703703703703703,1.5034818774524443,10.283407795089571,False,0.0138888888888888,854,0.1830021700925499,0.1209306200098581,3.328449487686157,0.8088095238095239,117
german,45,100,4,0.1,0.0,256,450,0.001,0.1,dp,"FACT:lambda_fair=0.0,minority_fraction=0.1",0.8001785714285714,0.5074110627174377,0.0756013745704467,0.0863606035709381,0.4576271186440678,1.0,0.5423728813559322,0.4576271186440678,0.4576271186440678,0.1111111111111111,1.6088631193182703,16.520647599916817,False,0.0122222222222222,854,0.179012409998904,0.117179340002167,3.4475557804107666,0.8088095238095239,118
german,46,100,4,0.1,0.0,256,450,0.001,0.1,dp,"FACT:lambda_fair=0.0,minority_fraction=0.1",0.8074404761904762,0.512484610080719,0.1116838487972508,0.1185569912195205,0.4406779661016949,1.0,0.559322033898305,0.4406779661016949,0.4406779661016949,0.1555555555555555,1.562239465891964,9.787295184152224,False,0.0088888888888888,854,0.1729557397902678,0.1152570849922085,3.3302879333496094,0.8088095238095239,119
german,42,100,4,0.1,1.0,256,450,0.001,0.01,dp,"FACT:lambda_fair=1.0,minority_fraction=0.01",0.819047619047619,0.4789597988128662,0.070446735395189,0.0928966850042343,0.4406779661016949,1.0,0.559322033898305,0.4406779661016949,0.4406779661016949,0.0962962962962963,2.1543920729610813,37.23404384603113,False,0.9388888888888888,777,0.1752090001446048,0.121416709978348,3.1023881435394287,0.8088095238095239,120
german,43,100,4,0.1,1.0,256,450,0.001,0.01,dp,"FACT:lambda_fair=1.0,minority_fraction=0.01",0.7892261904761906,0.4369612336158752,0.127147766323024,0.1197807341814041,0.4576271186440678,1.0,0.5423728813559322,0.4576271186440678,0.4576271186440678,0.1851851851851851,2.2402488790881168,59.015318680864105,False,0.94,777,0.1275349999605168,0.1146747949860582,3.08951997756958,0.8088095238095239,121
german,44,100,4,0.1,1.0,256,450,0.001,0.01,dp,"FACT:lambda_fair=1.0,minority_fraction=0.01",0.7871428571428571,0.4235242009162903,0.0859106529209622,0.089134931564331,0.4745762711864406,1.0,0.5254237288135594,0.4745762711864406,0.4745762711864406,0.1333333333333333,2.1643493803201985,46.073793721654695,False,0.9316666666666666,777,0.1553481602832107,0.1152500299963321,3.09688401222229,0.8088095238095239,122
german,45,100,4,0.1,1.0,256,450,0.001,0.01,dp,"FACT:lambda_fair=1.0,minority_fraction=0.01",0.7727976190476191,0.4593841433525085,0.0756013745704467,0.0445066094398498,0.4745762711864406,1.0,0.5254237288135594,0.4745762711864406,0.4745762711864406,0.1185185185185185,2.0339037460165605,48.886253777601794,False,0.935,777,0.1641198300603718,0.117889989987816,3.055128335952759,0.8088095238095239,123
german,46,100,4,0.1,1.0,256,450,0.001,0.01,dp,"FACT:lambda_fair=1.0,minority_fraction=0.01",0.7826190476190475,0.4562841951847076,0.0910652920962199,0.082361415028572,0.4745762711864406,1.0,0.5254237288135594,0.4745762711864406,0.4745762711864406,0.1407407407407407,2.0505034839681566,48.963537473952826,False,0.9355555555555556,777,0.1444965802284058,0.1179135549978127,3.0563089847564697,0.8088095238095239,124
german,42,100,4,0.1,1.0,256,450,0.001,0.03,dp,"FACT:lambda_fair=1.0,minority_fraction=0.03",0.7736904761904762,0.4805920720100403,0.0756013745704467,0.1653743088245391,0.4915254237288136,1.0,0.5084745762711864,0.4915254237288136,0.4915254237288136,0.1259259259259259,2.0619299747798703,28.611095730521484,False,0.2966666666666667,793,0.4001955897547298,0.1307425450204391,3.298827648162842,0.8088095238095239,125
german,43,100,4,0.1,1.0,256,450,0.001,0.03,dp,"FACT:lambda_fair=1.0,minority_fraction=0.03",0.7722619047619047,0.4610075950622558,0.1219931271477663,0.0093480944633483,0.4067796610169492,1.0,0.5932203389830508,0.4067796610169492,0.4067796610169492,0.1555555555555555,2.155828250310299,34.81191895427126,False,0.3022222222222222,793,0.1433350902789242,0.118414794999353,3.337000608444214,0.8088095238095239,126
german,44,100,4,0.1,1.0,256,450,0.001,0.03,dp,"FACT:lambda_fair=1.0,minority_fraction=0.03",0.7844642857142857,0.4801340997219085,0.0910652920962199,0.0619739592075347,0.423728813559322,1.0,0.576271186440678,0.423728813559322,0.423728813559322,0.1185185185185185,2.025640179448236,30.20509826043285,False,0.3011111111111111,793,0.1931512499686494,0.1206966600148007,3.2549993991851807,0.8088095238095239,127
german,45,100,4,0.1,1.0,256,450,0.001,0.03,dp,"FACT:lambda_fair=1.0,minority_fraction=0.03",0.7820238095238096,0.4859671592712402,0.1065292096219931,0.0638254582881927,0.4067796610169492,1.0,0.5932203389830508,0.4067796610169492,0.4067796610169492,0.1333333333333333,2.030341924276296,25.44227241356472,False,0.3022222222222222,793,0.1747533301977447,0.1172825299886426,3.1320011615753174,0.8088095238095239,128
german,46,100,4,0.1,1.0,256,450,0.001,0.03,dp,"FACT:lambda_fair=1.0,minority_fraction=0.03",0.7818452380952381,0.4919334352016449,0.070446735395189,0.1354621946811676,0.4576271186440678,1.0,0.5423728813559322,0.4576271186440678,0.4576271186440678,0.1037037037037037,2.0611938708472284,28.38583111480447,False,0.3011111111111111,793,0.1742558298747099,0.1168093650153423,3.184457778930664,0.8088095238095239,129
german,42,100,4,0.1,1.0,256,450,0.001,0.05,dp,"FACT:lambda_fair=1.0,minority_fraction=0.05",0.7977380952380954,0.4984772801399231,0.1065292096219931,0.0703098475933075,0.423728813559322,1.0,0.576271186440678,0.423728813559322,0.423728813559322,0.1407407407407407,1.9500828461528408,21.77977240392629,False,0.2355555555555555,809,0.169125920228907,0.1158420749902688,3.2198290824890137,0.8088095238095239,130
german,43,100,4,0.1,1.0,256,450,0.001,0.05,dp,"FACT:lambda_fair=1.0,minority_fraction=0.05",0.7973809523809524,0.4963693022727966,0.1426116838487972,0.1255904883146286,0.3728813559322034,1.0,0.6271186440677966,0.3728813559322034,0.3728813559322034,0.1703703703703703,1.9758596831796864,20.84894321459817,False,0.2433333333333333,809,0.3552041701686902,0.1285999900142087,3.209223508834839,0.8088095238095239,131
german,44,100,4,0.1,1.0,256,450,0.001,0.05,dp,"FACT:lambda_fair=1.0,minority_fraction=0.05",0.7935714285714285,0.4949191510677337,0.0962199312714776,0.0228560268878936,0.4745762711864406,1.0,0.5254237288135594,0.4745762711864406,0.4745762711864406,0.1481481481481481,2.008862831576009,20.549670757170727,False,0.24,809,0.1749284200741384,0.1162558699979854,3.241999864578247,0.8088095238095239,132
german,45,100,4,0.1,1.0,256,450,0.001,0.05,dp,"FACT:lambda_fair=1.0,minority_fraction=0.05",0.7882738095238095,0.4968516826629638,0.1013745704467354,0.0593593269586563,0.3898305084745762,1.0,0.6101694915254238,0.3898305084745762,0.3898305084745762,0.1185185185185185,1.947951701866482,21.12095084222581,False,0.2377777777777777,809,0.1487605002375855,0.1203070799897432,3.223306655883789,0.8088095238095239,133
german,46,100,4,0.1,1.0,256,450,0.001,0.05,dp,"FACT:lambda_fair=1.0,minority_fraction=0.05",0.7948214285714287,0.4929168224334717,0.1529209621993127,0.0470986664295196,0.3728813559322034,1.0,0.6271186440677966,0.3728813559322034,0.3728813559322034,0.1851851851851851,1.892572178974681,19.45799324373344,False,0.2372222222222222,809,0.1741042598177955,0.1181056599830299,3.2120602130889893,0.8088095238095239,134
german,42,100,4,0.1,1.0,256,450,0.001,0.1,dp,"FACT:lambda_fair=1.0,minority_fraction=0.1",0.8001190476190477,0.5055003762245178,0.1065292096219931,0.0155544579029083,0.423728813559322,1.0,0.576271186440678,0.423728813559322,0.423728813559322,0.1407407407407407,1.7058403125576531,13.770192035249726,False,0.0094444444444444,854,0.178505409949139,0.1172241999938705,3.3472342491149902,0.8088095238095239,135
german,43,100,4,0.1,1.0,256,450,0.001,0.1,dp,"FACT:lambda_fair=1.0,minority_fraction=0.1",0.785297619047619,0.5060117244720459,0.1013745704467354,0.0928380340337753,0.4576271186440678,1.0,0.5423728813559322,0.4576271186440678,0.4576271186440678,0.1481481481481481,1.7263631065054204,13.928036969301148,False,0.0111111111111111,854,0.1744942599452769,0.1182270699860055,3.3808069229125977,0.8088095238095239,136
german,44,100,4,0.1,1.0,256,450,0.001,0.1,dp,"FACT:lambda_fair=1.0,minority_fraction=0.1",0.8016666666666666,0.4863809645175934,0.070446735395189,0.0250251591205596,0.4745762711864406,1.0,0.5254237288135594,0.4745762711864406,0.4745762711864406,0.1111111111111111,1.6845076649592374,11.278672278700972,False,0.0138888888888888,854,0.20132308994107,0.1185433750060838,3.375563144683838,0.8088095238095239,137
german,45,100,4,0.1,1.0,256,450,0.001,0.1,dp,"FACT:lambda_fair=1.0,minority_fraction=0.1",0.7819642857142858,0.5147992968559265,0.0910652920962199,0.0103406012058258,0.4576271186440678,1.0,0.5423728813559322,0.4576271186440678,0.4576271186440678,0.1333333333333333,1.719649834626937,11.61452252800152,False,0.0122222222222222,854,0.2709854998738592,0.125343320007687,3.3660264015197754,0.8088095238095239,138
german,46,100,4,0.1,1.0,256,450,0.001,0.1,dp,"FACT:lambda_fair=1.0,minority_fraction=0.1",0.777202380952381,0.5181660652160645,0.1065292096219931,0.0229202210903167,0.4576271186440678,1.0,0.5423728813559322,0.4576271186440678,0.4576271186440678,0.1555555555555555,1.6843496656706407,11.315255113309345,False,0.0088888888888888,854,0.1776692600515159,0.1201443350146291,3.321970224380493,0.8088095238095239,139
german,42,100,4,0.1,2.5,256,450,0.001,0.01,dp,"FACT:lambda_fair=2.5,minority_fraction=0.01",0.8228571428571427,0.4365783631801605,0.2371134020618556,0.1742483079433441,0.423728813559322,1.0,0.576271186440678,0.423728813559322,0.423728813559322,0.2740740740740741,2.116270769228847,41.948031578755,False,0.9388888888888888,777,0.1937142596443664,0.1175214850036354,3.1068947315216064,0.8088095238095239,140
german,43,100,4,0.1,2.5,256,450,0.001,0.01,dp,"FACT:lambda_fair=2.5,minority_fraction=0.01",0.7834523809523809,0.4316411912441253,0.0859106529209622,0.0873298943042755,0.4915254237288136,1.0,0.5084745762711864,0.4915254237288136,0.4915254237288136,0.1407407407407407,2.19011829218598,50.405868586046765,False,0.94,777,0.1482019096511065,0.1170745799845462,3.0426342487335205,0.8088095238095239,141
german,44,100,4,0.1,2.5,256,450,0.001,0.01,dp,"FACT:lambda_fair=2.5,minority_fraction=0.01",0.79875,0.4198011755943298,0.127147766323024,0.0728745758533477,0.4406779661016949,1.0,0.559322033898305,0.4406779661016949,0.4406779661016949,0.1777777777777777,2.088049377954861,45.866750100204094,False,0.9316666666666666,777,0.1598812498832554,0.1192464450014085,3.0540764331817627,0.8088095238095239,142
german,45,100,4,0.1,2.5,256,450,0.001,0.01,dp,"FACT:lambda_fair=2.5,minority_fraction=0.01",0.8076785714285715,0.4517849087715149,0.0910652920962199,0.025972381234169,0.423728813559322,1.0,0.576271186440678,0.423728813559322,0.423728813559322,0.1185185185185185,1.926632235157792,45.20089704567052,False,0.935,777,0.1452669900254476,0.1168816650033477,3.1172432899475098,0.8088095238095239,143
german,46,100,4,0.1,2.5,256,450,0.001,0.01,dp,"FACT:lambda_fair=2.5,minority_fraction=0.01",0.8000595238095238,0.4758782982826233,0.1065292096219931,0.000932365655899,0.4576271186440678,1.0,0.5423728813559322,0.4576271186440678,0.4576271186440678,0.1555555555555555,2.095213093969487,50.795830584645074,False,0.9355555555555556,777,0.1336914202329353,0.1141333499913344,3.029002904891968,0.8088095238095239,144
german,42,100,4,0.1,2.5,256,450,0.001,0.03,dp,"FACT:lambda_fair=2.5,minority_fraction=0.03",0.7811309523809524,0.4769595265388489,0.049828178694158,0.2016821503639221,0.4915254237288136,1.0,0.5084745762711864,0.4915254237288136,0.4915254237288136,0.0888888888888888,2.249340402358527,22.17858772009362,False,0.2966666666666667,793,0.1699075000396983,0.1189420849823363,3.159881830215454,0.8088095238095239,145
german,43,100,4,0.1,2.5,256,450,0.001,0.03,dp,"FACT:lambda_fair=2.5,minority_fraction=0.03",0.7939285714285714,0.4570299983024597,0.0962199312714776,0.0853558182716369,0.423728813559322,1.0,0.576271186440678,0.423728813559322,0.423728813559322,0.1259259259259259,2.2450906242373234,34.380043169516256,False,0.3022222222222222,793,0.1312173307451303,0.1142433449649615,3.1679575443267822,0.8088095238095239,146
german,44,100,4,0.1,2.5,256,450,0.001,0.03,dp,"FACT:lambda_fair=2.5,minority_fraction=0.03",0.7939880952380952,0.4850196838378906,0.1065292096219931,0.0870714783668518,0.423728813559322,1.0,0.576271186440678,0.423728813559322,0.423728813559322,0.1407407407407407,2.3087115485024188,21.937012524806327,False,0.3011111111111111,793,0.1882221696087072,0.1179466700023113,3.209653615951538,0.8088095238095239,147
german,45,100,4,0.1,2.5,256,450,0.001,0.03,dp,"FACT:lambda_fair=2.5,minority_fraction=0.03",0.7867261904761905,0.4843820631504059,0.1529209621993127,0.0828025937080383,0.3389830508474576,1.0,0.6610169491525424,0.3389830508474576,0.3389830508474576,0.1703703703703703,2.0712153822925243,22.87152160583216,False,0.3022222222222222,793,0.1453204200151956,0.116067110025142,3.3200438022613525,0.8088095238095239,148
german,46,100,4,0.1,2.5,256,450,0.001,0.03,dp,"FACT:lambda_fair=2.5,minority_fraction=0.03",0.7694047619047619,0.4671231210231781,0.1168384879725085,0.0984164178371429,0.4406779661016949,1.0,0.559322033898305,0.4406779661016949,0.4406779661016949,0.1629629629629629,2.293731481622141,19.53094149290662,False,0.3011111111111111,793,0.1766607399349588,0.1201080999680925,3.2346630096435547,0.8088095238095239,149
german,42,100,4,0.1,2.5,256,450,0.001,0.05,dp,"FACT:lambda_fair=2.5,minority_fraction=0.05",0.7999999999999999,0.4782432615756988,0.1116838487972508,0.1443874835968017,0.4067796610169492,1.0,0.5932203389830508,0.4067796610169492,0.4067796610169492,0.1407407407407407,2.2392980092568355,17.823489399334953,False,0.2355555555555555,809,0.1396469099108797,0.1150232899954062,3.255887746810913,0.8088095238095239,150
german,43,100,4,0.1,2.5,256,450,0.001,0.05,dp,"FACT:lambda_fair=2.5,minority_fraction=0.05",0.7667261904761904,0.4678605198860168,0.2525773195876288,0.0328419357538223,0.5084745762711864,0.0,0.5084745762711864,0.5084745762711864,0.5084745762711864,0.1407407407407407,2.1332254491700064,18.011071541096083,False,0.2433333333333333,809,0.1651279999532562,0.1197239850171172,3.2591006755828857,0.8088095238095239,151
german,44,100,4,0.1,2.5,256,450,0.001,0.05,dp,"FACT:lambda_fair=2.5,minority_fraction=0.05",0.8085119047619048,0.4588798880577087,0.1890034364261168,0.0314042568206787,0.288135593220339,1.0,0.711864406779661,0.288135593220339,0.288135593220339,0.2,2.202029801461055,25.48767893020209,False,0.24,809,0.1799321703947497,0.1202558650084029,3.20717191696167,0.8088095238095239,152
german,45,100,4,0.1,2.5,256,450,0.001,0.05,dp,"FACT:lambda_fair=2.5,minority_fraction=0.05",0.7838095238095238,0.4929761290550232,0.2731958762886597,0.0396571010351181,0.5423728813559322,0.0,0.5423728813559322,0.5423728813559322,0.5423728813559322,0.1555555555555555,2.1915442189654155,19.89598545219152,False,0.2377777777777777,809,0.1950969096014886,0.117463135034086,3.2770369052886963,0.8088095238095239,153
german,46,100,4,0.1,2.5,256,450,0.001,0.05,dp,"FACT:lambda_fair=2.5,minority_fraction=0.05",0.8013095238095238,0.488673061132431,0.1477663230240549,0.1044172048568725,0.3898305084745762,1.0,0.6101694915254238,0.3898305084745762,0.3898305084745762,0.1851851851851851,2.3165926166361426,20.47921494438829,False,0.2372222222222222,809,0.1953496701935364,0.1184172699913688,3.256225824356079,0.8088095238095239,154
german,42,100,4,0.1,2.5,256,450,0.001,0.1,dp,"FACT:lambda_fair=2.5,minority_fraction=0.1",0.7969047619047619,0.4870014786720276,0.1168384879725085,0.0159511268138885,0.3898305084745762,1.0,0.6101694915254238,0.3898305084745762,0.3898305084745762,0.1407407407407407,2.111747351138547,7.553548385648778,False,0.0094444444444444,854,0.1970599198557465,0.1195912449702518,3.3870835304260254,0.8088095238095239,155
german,43,100,4,0.1,2.5,256,450,0.001,0.1,dp,"FACT:lambda_fair=2.5,minority_fraction=0.1",0.775595238095238,0.4960561692714691,0.0859106529209622,0.0245799869298934,0.4915254237288136,1.0,0.5084745762711864,0.4915254237288136,0.4915254237288136,0.1407407407407407,1.980624501389419,9.670258179665735,False,0.0111111111111111,854,0.1513450897618893,0.1169483150397354,3.502042770385742,0.8088095238095239,156
german,44,100,4,0.1,2.5,256,450,0.001,0.1,dp,"FACT:lambda_fair=2.5,minority_fraction=0.1",0.7921428571428573,0.5156704187393188,0.0910652920962199,0.0427199006080627,0.4745762711864406,1.0,0.5254237288135594,0.4745762711864406,0.4745762711864406,0.1407407407407407,2.0935420198186483,10.436386444937485,False,0.0138888888888888,854,0.1732390799497806,0.1161370599538713,3.3734726905822754,0.8088095238095239,157
german,45,100,4,0.1,2.5,256,450,0.001,0.1,dp,"FACT:lambda_fair=2.5,minority_fraction=0.1",0.7836904761904762,0.4957550466060638,0.1219931271477663,0.0513492226600647,0.3728813559322034,1.0,0.6271186440677966,0.3728813559322034,0.3728813559322034,0.1407407407407407,2.0422538259015166,8.596394868232705,False,0.0122222222222222,854,0.1446363393552017,0.1158349699653626,3.397324800491333,0.8088095238095239,158
german,46,100,4,0.1,2.5,256,450,0.001,0.1,dp,"FACT:lambda_fair=2.5,minority_fraction=0.1",0.7996428571428572,0.4928790032863617,0.1013745704467354,0.1214531362056732,0.4067796610169492,1.0,0.5932203389830508,0.4067796610169492,0.4067796610169492,0.1259259259259259,2.204514291002244,13.1361299023775,False,0.0088888888888888,854,0.1703827403525792,0.1181575149939817,3.383829593658448,0.8088095238095239,159
german,42,100,4,0.1,5.0,256,450,0.001,0.01,dp,"FACT:lambda_fair=5.0,minority_fraction=0.01",0.7866666666666667,0.4344864785671234,0.127147766323024,0.1876021921634674,0.423728813559322,1.0,0.576271186440678,0.423728813559322,0.423728813559322,0.1703703703703703,2.07358316150172,53.621739409332825,False,0.9388888888888888,777,0.1669676700839771,0.1166075200035265,3.1034297943115234,0.8088095238095239,160
german,43,100,4,0.1,5.0,256,450,0.001,0.01,dp,"FACT:lambda_fair=5.0,minority_fraction=0.01",0.7823214285714285,0.4419047236442566,0.1013745704467354,0.0058739483356475,0.423728813559322,1.0,0.576271186440678,0.423728813559322,0.423728813559322,0.1333333333333333,2.020060125855598,34.98264486338164,False,0.94,777,0.1345912499800758,0.1164939600175785,3.076760768890381,0.8088095238095239,161
german,44,100,4,0.1,5.0,256,450,0.001,0.01,dp,"FACT:lambda_fair=5.0,minority_fraction=0.01",0.7791071428571429,0.4217688143253326,0.0807560137457044,0.0881329625844955,0.4915254237288136,1.0,0.5084745762711864,0.4915254237288136,0.4915254237288136,0.1333333333333333,1.820714765808904,37.86628900126146,False,0.9316666666666666,777,0.1675160802915342,0.1183295999635447,3.038824796676636,0.8088095238095239,162
german,45,100,4,0.1,5.0,256,450,0.001,0.01,dp,"FACT:lambda_fair=5.0,minority_fraction=0.01",0.776904761904762,0.4586862921714782,0.0859106529209622,0.099259614944458,0.4915254237288136,1.0,0.5084745762711864,0.4915254237288136,0.4915254237288136,0.1407407407407407,1.8523851925268573,40.51673338790148,False,0.935,777,0.2387604198793269,0.1186570399977426,3.165876626968384,0.8088095238095239,163
german,46,100,4,0.1,5.0,256,450,0.001,0.01,dp,"FACT:lambda_fair=5.0,minority_fraction=0.01",0.7745238095238095,0.5025447607040405,0.1065292096219931,0.1940600275993347,0.4745762711864406,1.0,0.5254237288135594,0.4745762711864406,0.4745762711864406,0.1629629629629629,1.9662909410365408,30.142866484096874,False,0.9355555555555556,777,0.1559183299377761,0.1173174750056205,3.0754971504211426,0.8088095238095239,164
german,42,100,4,0.1,5.0,256,450,0.001,0.03,dp,"FACT:lambda_fair=5.0,minority_fraction=0.03",0.7860119047619047,0.4564612805843353,0.0756013745704467,0.1721417009830474,0.4406779661016949,1.0,0.559322033898305,0.4406779661016949,0.4406779661016949,0.1037037037037037,2.415272244130613,10.460208675774489,False,0.2966666666666667,793,0.1796170906527546,0.122333320036887,3.247313499450684,0.8088095238095239,165
german,43,100,4,0.1,5.0,256,450,0.001,0.03,dp,"FACT:lambda_fair=5.0,minority_fraction=0.03",0.7661309523809524,0.4552217423915863,0.2371134020618556,0.0242654383182525,0.4915254237288136,0.0,0.4915254237288136,0.4915254237288136,0.4915254237288136,0.1259259259259259,2.2065192458240293,12.768102328061898,False,0.3022222222222222,793,0.1426652400550664,0.1162939499727144,3.11313796043396,0.8088095238095239,166
german,44,100,4,0.1,5.0,256,450,0.001,0.03,dp,"FACT:lambda_fair=5.0,minority_fraction=0.03",0.7921428571428571,0.4753286242485046,0.2319587628865979,0.0631889849901199,0.5423728813559322,0.0,0.5423728813559322,0.5423728813559322,0.5423728813559322,0.0962962962962963,2.2030880873398027,5.67938274663433,False,0.3011111111111111,793,0.19960691025517,0.121445214972482,3.157327175140381,0.8088095238095239,167
german,45,100,4,0.1,5.0,256,450,0.001,0.03,dp,"FACT:lambda_fair=5.0,minority_fraction=0.03",0.7948809523809524,0.4834780693054199,0.1065292096219931,0.112244427204132,0.4067796610169492,1.0,0.5932203389830508,0.4067796610169492,0.4067796610169492,0.1333333333333333,2.197762922694433,7.620704715831209,False,0.3022222222222222,793,0.1711570797215244,0.1221104399883188,3.237847328186035,0.8088095238095239,168
german,46,100,4,0.1,5.0,256,450,0.001,0.03,dp,"FACT:lambda_fair=5.0,minority_fraction=0.03",0.7889880952380952,0.4860070347785949,0.1116838487972508,0.1328773498535156,0.4406779661016949,1.0,0.559322033898305,0.4406779661016949,0.4406779661016949,0.1555555555555555,2.370024743820865,7.251104284236549,False,0.3011111111111111,793,0.1687266697899757,0.1170235749850689,3.2371203899383545,0.8088095238095239,169
german,42,100,4,0.1,5.0,256,450,0.001,0.05,dp,"FACT:lambda_fair=5.0,minority_fraction=0.05",0.7802380952380953,0.4687923491001129,0.0807560137457044,0.0870310366153717,0.4576271186440678,1.0,0.5423728813559322,0.4576271186440678,0.4576271186440678,0.1185185185185185,2.4059684277004547,5.225292485735822,False,0.2355555555555555,809,0.1394279097621616,0.1170157899832702,3.271909713745117,0.8088095238095239,170
german,43,100,4,0.1,5.0,256,450,0.001,0.05,dp,"FACT:lambda_fair=5.0,minority_fraction=0.05",0.7806547619047619,0.4473200738430023,0.0910652920962199,0.1002669632434845,0.4406779661016949,1.0,0.559322033898305,0.4406779661016949,0.4406779661016949,0.1259259259259259,2.0406307128033823,8.329789672751403,False,0.2433333333333333,809,0.1703004103273996,0.1190860399810844,3.355522871017456,0.8088095238095239,171
german,44,100,4,0.1,5.0,256,450,0.001,0.05,dp,"FACT:lambda_fair=5.0,minority_fraction=0.05",0.7923809523809524,0.4893801808357239,0.2938144329896907,0.0302667915821075,0.6101694915254238,0.0,0.6101694915254238,0.6101694915254238,0.6101694915254238,0.1555555555555555,2.438235174961121,7.199942294280292,False,0.24,809,0.1522650901461019,0.1191068500293113,3.2595226764678955,0.8088095238095239,172
german,45,100,4,0.1,5.0,256,450,0.001,0.05,dp,"FACT:lambda_fair=5.0,minority_fraction=0.05",0.8119047619047618,0.4947074055671692,0.0962199312714776,0.1485719978809356,0.4067796610169492,1.0,0.5932203389830508,0.4067796610169492,0.4067796610169492,0.1185185185185185,2.281204756714576,7.8980961991448995,False,0.2377777777777777,809,0.2202839197980205,0.1223722950317096,3.2293860912323,0.8088095238095239,173
german,46,100,4,0.1,5.0,256,450,0.001,0.05,dp,"FACT:lambda_fair=5.0,minority_fraction=0.05",0.7933333333333333,0.4873930811882019,0.1374570446735395,0.1072970628738403,0.3898305084745762,1.0,0.6101694915254238,0.3898305084745762,0.3898305084745762,0.1703703703703703,2.292100390425993,9.074944263323683,False,0.2372222222222222,809,0.2279045002160271,0.119007984953896,3.260720729827881,0.8088095238095239,174
german,42,100,4,0.1,5.0,256,450,0.001,0.1,dp,"FACT:lambda_fair=5.0,minority_fraction=0.1",0.7845238095238096,0.4916184544563293,0.211340206185567,0.0616708099842071,0.4745762711864407,0.0,0.4745762711864407,0.4745762711864407,0.4745762711864407,0.0962962962962963,2.442057728046467,6.468046562457986,False,0.0094444444444444,854,0.1619305902113409,0.1173221050021311,3.3168301582336426,0.8088095238095239,175
german,43,100,4,0.1,5.0,256,450,0.001,0.1,dp,"FACT:lambda_fair=5.0,minority_fraction=0.1",0.7864285714285714,0.4769333004951477,0.0962199312714776,0.0036152005195617,0.4745762711864406,1.0,0.5254237288135594,0.4745762711864406,0.4745762711864406,0.1481481481481481,2.0497068657395943,4.707998696134714,False,0.0111111111111111,854,0.1335020797250763,0.1156191550262519,3.363069534301758,0.8088095238095239,176
german,44,100,4,0.1,5.0,256,450,0.001,0.1,dp,"FACT:lambda_fair=5.0,minority_fraction=0.1",0.7866666666666666,0.4811875224113464,0.0910652920962199,0.1367548108100891,0.4576271186440678,1.0,0.5423728813559322,0.4576271186440678,0.4576271186440678,0.1333333333333333,2.299308635078233,5.588620329926086,False,0.0138888888888888,854,0.1986403294631599,0.116899744980401,3.299201726913452,0.8088095238095239,177
german,45,100,4,0.1,5.0,256,450,0.001,0.1,dp,"FACT:lambda_fair=5.0,minority_fraction=0.1",0.7796428571428572,0.5021336674690247,0.26288659793814434,0.04964432120323181,0.5254237288135594,0.0,0.5254237288135594,0.5254237288135594,0.5254237288135594,0.14814814814814814,2.266696414062141,4.72198821095449,False,0.012222222222222223,854,0.13568740999289727,0.11769330497827468,3.4469916820526123,0.8088095238095239,178
german,46,100,4,0.1,5.0,256,450,0.001,0.1,dp,"FACT:lambda_fair=5.0,minority_fraction=0.1",0.7873809523809524,0.49410223960876465,0.09621993127147768,0.12071478366851807,0.4576271186440678,1.0,0.5423728813559322,0.4576271186440678,0.4576271186440678,0.14074074074074075,2.394844491856047,4.761506696807981,False,0.008888888888888889,854,0.269600659930801,0.12855994998517417,3.517787218093872,0.8088095238095239,179
